{
"Name":"Steph",
"Number of Essays":3,
"Average Sentence Length":22.79526142870553,
"Average # of Parentheticals":7.0,
"Average # of dependent clauses":20.0,
"Average # of Semicolons":2.0,
"Average Essay Lexical Diversity":0.007166032735303117,
"Average Total Lexical Diversity":0.00196078431372549,
"Vocabulary":["been","two","however","girl","wife","werd","son","fleance","while","back","told","last","prophecy","shakespeare","what","weird","now","can","if","yet","play","walter","has","up","duncan","/","never","lunch","are","when","vision","it","which","himself","power","death","more",":","all","than","do","will","beah","their","only","man","you","them","even","one","so","king","on","would","witches","me","mittys","into","an","this","they","no","could","macbeths","have","sisters","him","at","had","(",")","my","she","from","who","banquo","by","lady","her","was","not","be","i","with","as","mitty","for","is","in","his","he","that","a","macbeth","of","to","and",".",",","the"],
"Vocabulary Frequency":[
2.3333333333333335,2.3333333333333335,2.3333333333333335,2.3333333333333335,2.3333333333333335,2.3333333333333335,2.3333333333333335,2.3333333333333335,2.6666666666666665,2.6666666666666665,2.6666666666666665,2.6666666666666665,2.6666666666666665,2.6666666666666665,2.6666666666666665,2.6666666666666665,2.6666666666666665,3.0,3.0,3.0,3.0,3.3333333333333335,3.3333333333333335,3.3333333333333335,3.3333333333333335,3.3333333333333335,3.3333333333333335,3.3333333333333335,3.6666666666666665,3.6666666666666665,3.6666666666666665,3.6666666666666665,4.0,4.0,4.0,4.333333333333333,4.333333333333333,4.333333333333333,4.333333333333333,4.333333333333333,4.333333333333333,4.333333333333333,4.333333333333333,4.666666666666667,4.666666666666667,4.666666666666667,4.666666666666667,4.666666666666667,4.666666666666667,4.666666666666667,4.666666666666667,4.666666666666667,5.0,5.0,5.0,5.0,5.333333333333333,5.333333333333333,5.666666666666667,5.666666666666667,5.666666666666667,5.666666666666667,5.666666666666667,5.666666666666667,6.0,6.333333333333333,6.666666666666667,6.666666666666667,7.0,7.0,7.0,7.666666666666667,8.0,8.0,8.333333333333334,8.666666666666666,9.333333333333334,9.333333333333334,9.666666666666666,10.333333333333334,10.333333333333334,11.666666666666666,11.666666666666666,12.333333333333334,13.333333333333334,13.666666666666666,17.0,18.0,19.666666666666668,21.0,21.333333333333332,28.333333333333332,34.0,34.666666666666664,41.0,46.666666666666664,50.666666666666664,61.333333333333336,86.33333333333333,96.33333333333333
],
"Bigram":[
"the lunchroom","and i","oh no","is a","his own","man who","and he","at the","the two","to do","with his","up for","his wife","shakespeare 1","that the","of her","the reader","into the","by the","from a","the werd","werd sisters","macbeth was","the sisters","king duncan","the weird","weird sisters","for power","with the","as a","from the","macbeth to","and his","macbeth and","walter mitty","of a","the play","macbeth is","he is","banquo and","to be","and the","for the","the witches","of his","to the","in the","that he","lady macbeth","of the"],
"Bigram Frequency":[
1.3333333333333333,1.3333333333333333,1.3333333333333333,1.6666666666666667,1.6666666666666667,1.6666666666666667,1.6666666666666667,1.6666666666666667,1.6666666666666667,1.6666666666666667,1.6666666666666667,1.6666666666666667,1.6666666666666667,1.6666666666666667,2.0,2.0,2.0,2.0,2.0,2.0,2.0,2.0,2.0,2.0,2.3333333333333335,2.3333333333333335,2.3333333333333335,2.3333333333333335,2.6666666666666665,2.6666666666666665,2.6666666666666665,2.6666666666666665,2.6666666666666665,2.6666666666666665,3.0,3.0,3.0,3.0,3.3333333333333335,3.3333333333333335,4.0,4.0,4.0,4.666666666666667,5.0,5.666666666666667,6.0,7.666666666666667,8.666666666666666,10.0
],
"Trigram":[
"the death of","at my back","the force of","of the lunchroom","i could not","muster the strength","the strength to","the battle stage","hear the end","end of it","ignored and ignored","and ignored and","sit here and","the principals office","lunch ended i","to class the","class the next","the next day","and the bell","no no no","a few days","grateful that i","dreams that he","he is a","to be a","one of the","the district attorney","mitty dreams that","in order to","that no one","throughout the play","of the play","part of the","and his son","to have banquo","the end of","in the play","his ambition and","for power and","banquo and fleance","born from a","from a woman","making fun of","to stick up","stick up for","banquo and his","lady macbeth and","the werd sisters","the weird sisters","that he is"],
"Trigram Frequency":[
0.6666666666666666,0.6666666666666666,0.6666666666666666,0.6666666666666666,0.6666666666666666,0.6666666666666666,0.6666666666666666,0.6666666666666666,0.6666666666666666,0.6666666666666666,0.6666666666666666,0.6666666666666666,0.6666666666666666,0.6666666666666666,0.6666666666666666,0.6666666666666666,0.6666666666666666,0.6666666666666666,0.6666666666666666,0.6666666666666666,0.6666666666666666,0.6666666666666666,1.0,1.0,1.0,1.0,1.0,1.0,1.0,1.0,1.0,1.0,1.0,1.0,1.0,1.0,1.0,1.0,1.0,1.0,1.0,1.0,1.0,1.0,1.0,1.3333333333333333,1.3333333333333333,2.0,2.3333333333333335,2.6666666666666665
]
}